,Especificação,Classe,Tipo
350096,Administração comercial do licenciamento de produtos e serviços de terceiros,35,s
350105,Administração de negócios de esportistas,35,s
350124,Administração de negócios de programas de reembolso para terceiros,35,s
350131,Administração de programas de fidelidade de consumidores,35,s
350128,Administração de programas de viajantes frequentes,35,s
350079,Agenciamento de artistas,35,s
350049,Agências de modelos para publicidade ou promoção de vendas,35,s
350125,Aluguel de cartazes/outdoors publicitários,35,s
350158,Aluguel de equipamento de escritório em espaços de co-working,35,s
350070,Aluguel de espaço publicitário,35,s
350109,Aluguel de estande de vendas,35,s
350089,Aluguel de máquinas de autosserviço,35,s
350013,Aluguel de máquinas e equipamentos de escritório *,35,s
350083,Aluguel de máquinas fotocopiadoras,35,s
350035,Aluguel de material publicitário,35,s
350087,Aluguel de tempo de publicidade em meios de comunicação,35,s
350007,Análise de custo,35,s
350092,Apresentação de produtos em meios de comunicação para fins de comércio varejista,35,s
350025,Assessoria em gestão industrial ou comercial,35,s
350154,Assistência administrativa para responder a solicitações de propostas [RFP] de prestação de serviços,35,s
350027,Atualização de material publicitário,35,s
350117,Atualização e manutenção de dados em bancos de dados de computadores,35,s
350134,Atualização e manutenção de informações em registros,35,s
350144,Auditoria contábil e financeira,35,s
350017,Auditoria em negócios,35,s
350001,Auxílio em gestão de negócios,35,s
350032,Avaliações de negócios,35,s
350086,Busca de dados em arquivos de computador para terceiros,35,s
350102,Captação de patrocínio,35,s
350040,Publicidade de rádio,35,s
350044,Publicidade de televisão,35,s
350163,Comércio de produtos de panificação,35,s
350148,"Comércio, no atacado, de preparações sanitárias, farmacêuticas e veterinárias e de suprimentos médicos",35,s
350153,"Comércio, no varejo, de obras de artes fornecidas por galerias de arte",35,s
350108,"Comércio, no varejo, de preparações sanitárias, farmacêuticas e veterinárias e de suprimentos médicos",35,s
350147,"Comércio on-line, no varejo,  de filmes e músicas pré-gravados e para download",35,s
350145,"Comércio on-line, no varejo, de música digital baixável",35,s
350146,"Comércio on-line, no varejo, de toques de telefone baixáveis",35,s
350091,Comparação de Preços,35,s
350135,Compilação de índices de informações para fins comerciais ou publicitários,35,s
350080,Compilação de informação em bancos de dados de computador,35,s
350100,Compilações de estatísticas,35,s
350020,Consultoria em gestão de negócios,35,s
350019,Consultoria em gestão de pessoal,35,s
350018,Consultoria em gestão e organização de negócios,35,s
350036,Consultoria em organização de negócios,35,s
350062,Consultoria profissional em negócios,35,s
350139,Consultoria referente a estratégias de comunicação em publicidade,35,s
350138,Consultoria referente a estratégias de comunicação em relações públicas,35,s
350015,Guarda-livro [contabilidade],35,s
350046,Decoração de vitrines,35,s
350023,Demonstração de produtos,35,s
350121,Desenvolvimento de conceitos de campanha publicitária,35,s
350164,Determinação de perfis [profiling] de consumidores para fins comerciais ou de marketing,35,s
350022,Digitação,35,s
350028,Distribuição de amostras,35,s
350008,Distribuição de material publicitário,35,s
350126,Elaboração de currículos para terceiros,35,s
350016,Elaboração de extratos de contas,35,s
350029,Especialistas em eficiência de negócios,35,s
350031,Estudos de marketing,35,s
350098,Faturamento,35,s
350078,Gestão administrativa de hotéis,35,s
350122,Gestão administrativa terceirizada para empresas,35,s
350061,Gestão computadorizada de arquivos,35,s
350115,Gestão de negócios para provedores de serviços freelance,35,s
350151,Gestão interina de negócios,35,s
350127,Indexação na web para fins comerciais ou publicitários,35,s
350033,Investigações [estudo] sobre negócios,35,s
350030,Leilões,35,s
350002,Levantamentos de informações de negócios,35,s
350106,Marketing,35,s
350150,Marketing direcionado,35,s
350155,Marketing no âmbito de publicação de softwares,35,s
350140,Negociação de contratos de negócios para terceiros,35,s
350116,Negociação e conclusão de transações comerciais para terceiros,35,s
350103,Organização de eventos de moda para fins promocionais,35,s
350064,Organização de exposições para fins comerciais ou publicitários,35,s
350082,Organização de feiras comerciais,35,s
350112,Otimização de tráfego de website,35,s
350111,Otimização de ferramenta de busca para fins de promoção de vendas,35,s
350051,Pesquisa de marketing,35,s
350041,Pesquisa em negócios,35,s
350066,Pesquisas de opinião,35,s
350073,Preparação de declarações de impostos,35,s
350067,Preparação de folha de pagamento,35,s
350063,Previsões econômicas,35,s
350095,Processamento administrativo de pedidos de compra,35,s
350075,Processamento de texto,35,s
350104,Produção de filmes publicitários,35,s
350137,Produção de programas de telecompras,35,s
350141,Promoção de bens e serviços através de patrocínio de eventos esportivos,35,s
350071,Promoção de vendas para terceiros,35,s
350039,Publicidade,35,s
350161,Provimento de classificações feitas por usuários para fins comerciais ou publicitários,35,s
350160,Provimento de críticas feitas por usuários para fins comerciais ou publicitários,35,s
350093,Provimento de informação comercial e de aconselhamento a consumidores para escolha de produtos e serviços,35,s
350110,Provimento de informações sobre contatos comerciais e de negócios,35,s
350065,Provimento de informações de negócios,35,s
350119,Provimento de informações de negócios através de um website,35,s
350120,Provimento de mercado on-line para compradores e vendedores de produtos e serviços [marketplace],35,s
350038,Publicação de textos publicitários,35,s
350152,Publicidade externa,35,s
350084,Publicidade on-line em rede de computadores,35,s
350113,Publicidade pay-per-click,35,s
350077,Publicidade por catálogos de vendas,35,s
350024,Publicidade por mala direta,35,s
350068,Recrutamento de pessoal,35,s
350132,Redação de roteiros para fins publicitários,35,s
350099,Redação de textos publicitários,35,s
350133,Registro de dados e comunicação escritos,35,s
350042,Relações públicas,35,s
350123,Serviço de declaração de impostos,35,s
350136,Serviço de intermediação de negócios com a finalidade de unir investidores particulares em potencial a empreendedores que precisem de recursos,35,s
350165,Serviços administrativos para encaminhamentos médicos,35,s
350069,Serviços administrativos para realocação de empresas,35,s
350003,Serviços de afixação de mensagens publicitárias,35,s
350012,Serviços de agências de emprego,35,s
350005,Serviços de agências de importação-exportação,35,s
350006,Serviços de agências de informação comercial,35,s
350047,Serviços de agências de publicidade,35,s
350156,Serviços de assessoria de imprensa,35,s
350048,Serviços de assessoria em gestão de negócios,35,s
350074,Serviços de secretária eletrônica [caixa postal de voz],35,s
350162,Serviços de central telefônica,35,s
350088,Serviços de clipping,35,s
350085,Serviços de compras para terceiros [compra de produtos e serviços para outras empresas],35,s
350157,Serviços de comunicação corporativa,35,s
350009,Serviços de fotocópias,35,s
350118,Serviços de gestão de negócios para projetos de construção,35,s
350142,Serviços de inteligência competitiva,35,s
350143,Serviços de inteligência de mercado,35,s
350114,Serviços de intermediação comercial,35,s
350101,Serviços de layout para fins publicitários,35,s
350130,Serviços de lembrete de compromissos [funções de escritório],35,s
350159,Serviços de lobby comercial,35,s
350129,Serviços de marcação de compromissos [funções de escritório],35,s
350149,Serviços de registro de listas de presentes,35,s
350072,Serviços de secretariado,35,s
350107,Serviços de telemarketing,35,s
350081,Sistematização de informações em bancos de dados de computador,35,s
350043,Taquigrafia,35,s
350097,Terceirização [assistência empresarial],35,s
350090,"Testes psicológicos, para seleção de pessoal",35,s
350045,Transcrição de comunicações [funções de escritório],35,s
350094,Venda de assinaturas de serviços de telecomunicações para terceiros,35,s
350076,Vendas de assinaturas de jornal [para terceiros],35,s
360032,Administração de imóveis,36,s
360030,Administração financeira,36,s
360033,Administração predial,36,s
360035,Aluguel de apartamentos,36,s
360069,Aluguel de escritórios [imóveis],36,s
360119,Aluguel de escritórios para co-working,36,s
360046,Análise financeira,36,s
360051,Avaliação de antigüidades,36,s
360052,Avaliação de arte,36,s
360061,Avaliação de jóias,36,s
360064,Avaliação filatélica,36,s
360125,Avaliação financeira de ativos de propriedade intelectual,36,s
360026,"Avaliação financeira [seguros, bancos, imóveis]",36,s
360121,"Avaliação financeira de custos de desenvolvimento relacionados com as indústrias de óleo, gás e mineração",36,s
360107,Avaliação financeira de lã,36,s
360105,Avaliação financeira de madeira em pé,36,s
360014,Avaliação imobiliária,36,s
360062,Avaliação numismática,36,s
360120,Avaliações financeiras para responder a solicitações de propostas [RFP] de prestação de serviços,36,s
360021,Compensação [bancário],36,s
360112,Captação de financiamento para projetos de construção,36,s
360015,Captação de fundos para caridade,36,s
360055,Consultoria em seguros,36,s
360054,Consultoria financeira,36,s
360025,Avaliação fiscal,36,s
360005,Corretagem *,36,s
360116,Corretagem de ações e títulos,36,s
360010,Corretagem de seguros,36,s
360043,Corretagem de valores,36,s
360008,Corretagem imobiliária,36,s
360067,Cotações de bolsa de valores,36,s
360066,Depósitos de objetos de valor,36,s
360126,Elaboração de cotações para fins de estimativa de custos,36,s
360068,Emissão de cartões de crédito,36,s
360020,Emissão de cheques de viagem,36,s
360065,Emissão de títulos de valor,36,s
360024,Empréstimos [financiamento],36,s
360002,Empréstimos a prazo,36,s
360027,Factoring,36,s
360018,Fianças [garantias],36,s
360127,Financiamento coletivo [crowdfunding],36,s
360042,Financiamento de leasing,36,s
360117,Fornecimento de descontos a estabelecimentos de terceiros através do uso de cartão de associado,36,s
360115,Fundos de investimentos,36,s
360070,Fundos de pensão [aposentadoria],36,s
360016,Fundos mútuos,36,s
360114,Gestão financeira de pagamento de reembolsos para terceiros,36,s
360104,Intermediação de créditos de carbono,36,s
360017,Investimentos de capital [finanças],36,s
360036,Locação de fazendas,36,s
360004,Locação de imóveis,36,s
360123,Negócios imobiliários,36,s
360040,Operações bancárias de hipoteca,36,s
360019,Operações de câmbio,36,s
360129,Operações de câmbio de moeda virtual,36,s
360103,Orçamento [avaliação financeira],36,s
360071,Patrocínio financeiro,36,s
360122,Pesquisas financeiras,36,s
360056,Processamento de pagamento de cartão de crédito,36,s
360057,Processamento de pagamento de cartão de débito,36,s
360059,Provimento de informações financeiras,36,s
360113,Provimento de informações financeiras através de uma website,36,s
360060,Provimento de informações sobre seguros,36,s
360001,Seguro contra acidentes,36,s
360012,Seguros,36,s
360034,Seguros contra incêndio,36,s
360038,Seguros de saúde,36,s
360044,Seguros de vida,36,s
360039,Seguros marítimos,36,s
360003,Serviços atuariais,36,s
360013,Serviços bancários,36,s
360072,Serviços bancários de acesso remoto [internet banking],36,s
360041,Serviços bancários de poupança,36,s
360009,Serviços de agências de cobranças de dívidas,36,s
360006,Serviços de agências de crédito,36,s
360007,Serviços de agências imobiliárias,36,s
360045,Serviços de agências imobiliárias de locação de apartamentos,36,s
360023,Serviços de cobrança financeira,36,s
360063,Serviços de cobrança de aluguel,36,s
360110,Serviços de corretagem de ações,36,s
360022,Serviços de depósito em cofres bancários,36,s
360108,Serviços de empréstimo com garantia de ações,36,s
360029,Serviços de financiamento,36,s
360109,Serviços de fundos de previdência,36,s
360073,Serviços de liquidação financeira,36,s
360111,Serviços de notificação de débitos,36,s
360118,Serviços de pagamento de fianças,36,s
360128,Serviços de pagamento por carteira eletrônica [e-wallet],36,s
360031,Serviços de penhor,36,s
360028,Serviços fiduciários,36,s
360011,Serviços financeiros de agências alfandegárias,36,s
360058,Transferência eletrônica de fundos,36,s
360124,Transferência eletrônica de moedas virtuais,36,s
360053,Verificação de validade de cheque,36,s
370069,Abrasão com pedra pomes,37,s
370106,Afiação de faca,37,s
370139,Afinação de instrumentos musicais,37,s
370134,Aluguel de bombas de drenagem,37,s
370013,Aluguel de buldôzeres,37,s
370020,Aluguel de equipamento de construção,37,s
370090,Aluguel de equipamentos de limpeza,37,s
370044,Aluguel de escavadeiras,37,s
370120,Aluguel de guindaste,37,s
370144,Aluguel de máquinas de lavar louças,37,s
370135,Aluguel de máquinas de lavar roupas,37,s
370145,Aluguel de máquinas de secar louças,37,s
370121,Aluguel de máquinas para varrer ruas,37,s
370005,Asfaltamento,37,s
370101,Assentamento de tijolos,37,s
370138,Balanceamento de pneus,37,s
370137,Carregamento de baterias de veículos,37,s
370064,Colocação de papel de parede,37,s
370073,Conserto de bomba,37,s
370017,Conserto de estofamento,37,s
370025,Conserto de sapatos,37,s
370048,"Conservação, limpeza e conserto de peles [de animais]",37,s
370029,Construção *,37,s
370052,Construção de fábricas,37,s
370074,Construção de portos,37,s
370061,Construção de quebra-mar,37,s
370063,Construção e manutenção de oleoduto,37,s
370041,Construção e reparos de armazém,37,s
370021,Construção naval,37,s
370030,Construção subaquática,37,s
370131,Consultoria na área de construção civil,37,s
370036,Demolição de edificações,37,s
370038,Desinfecção,37,s
370086,Envernizamento,37,s
370141,Esterilização de instrumentos médicos,37,s
370067,Estofamento de móveis,37,s
370091,"Exterminaçao de animais nocivos, exceto para agricultura, aquacultura, horticultura e silvicultura",37,s
370108,Extração de pedras [pedreira],37,s
370107,Mineração,37,s
370042,Impermeabilização de edificações,37,s
370140,Instalação de cabos,37,s
370035,Instalação de equipamentos de cozinha,37,s
370128,Instalação de portas e janelas,37,s
370146,Instalação de serviços básicos de infraestrutura em locais de construção,37,s
370016,Instalação e reparo de alarme antifurto,37,s
370015,Instalação e reparo de alarmes de incêndio,37,s
370028,Instalação e reparo de aparelhos de ar condicionado,37,s
370003,Instalação e reparo de aparelhos elétricos,37,s
370053,Instalação e reparo de dispositivos de irrigação,37,s
370004,Instalação e reparo de elevadores,37,s
370024,Instalação e reparo de equipamentos de aquecimento,37,s
370148,Instalação e reparo de equipamentos de proteção contra inundações,37,s
370078,Instalação e reparo de equipamentos de refrigeração,37,s
370047,Instalação e reparo de fornos,37,s
370084,Instalação e reparo telefones,37,s
370116,"Instalação, manutenção e reparo de computadores",37,s
370058,"Instalação, manutenção e reparo de máquinas",37,s
370014,"Instalação, manutenção e reparo de máquinas e equipamentos de escritório",37,s
370057,Lavagem,37,s
370103,Lavagem a seco,37,s
370102,Lavagem de fraldas,37,s
370056,Lavagem de roupa,37,s
370055,Lavagem de veículos,37,s
370010,Lavanderia,37,s
370026,Limpeza de chaminé,37,s
370112,Limpeza de fachada de edificações,37,s
370009,Limpeza de interiores de edifícios,37,s
370045,Limpeza de janelas,37,s
370050,Limpeza de roupas,37,s
370124,Limpeza de rua,37,s
370087,Limpeza de veículo,37,s
370011,Limpeza e reparo de caldeira,37,s
370110,Lixamento [areamento],37,s
370049,Lubrificação de veículos,37,s
370002,Manutenção de aparelhos fotográficos,37,s
370001,Manutenção de mobiliário,37,s
370129,Manutenção de piscinas,37,s
370085,Manutenção de veículos,37,s
370008,Manutenção e reparo de aeronaves,37,s
370006,Manutenção e reparo de automóveis,37,s
370018,Manutenção e reparo de caixas-fortes,37,s
370027,Manutenção e reparo de cofre,37,s
370012,Manutenção e reparo de queimadores,37,s
370093,Montagem de andaimes,37,s
370115,Montagem de estandes de feira de exposições e lojas,37,s
370079,Passar roupa a ferro,37,s
370109,Pavimentação de rua,37,s
370114,Perfuração de poços,37,s
370133,Perfuração de poços profundos de petróleo ou de gás.,37,s
370040,Pintura ou reparo de letreiros,37,s
370068,"Pintura, de interior e de exterior",37,s
370072,Polimento de veículo,37,s
370062,Prensagem para passar roupa,37,s
370104,Provimento de informações sobre construção,37,s
370105,Provimento de informações sobre reparos,37,s
370081,Rebitagem,37,s
370130,Recarga de cartuchos de toner,37,s
370151,Recarga de veículos elétricos,37,s
370077,Recauchutagem de pneus,37,s
370119,Recondicionamento de máquinas desgastadas ou parcialmente destruídas,37,s
370022,Recondicionamento de roupas,37,s
370118,Recondicionamento de motores desgastados ou parcialmente destruídos,37,s
370080,Reestanhagem,37,s
370149,Remoção de neve,37,s
370125,Reparo de fechaduras de segurança,37,s
370065,Reparo de guarda-chuvas,37,s
370066,Reparo de guarda-sol,37,s
370136,Reparo de linhas de transmissão de energia,37,s
370032,Reparo [restauração] de roupas,37,s
370046,Reparo e manutenção de projetor de filmes,37,s
370051,Reparos de relógios,37,s
370111,Reparos subaquáticos,37,s
370127,Restauração de instrumentos musicais,37,s
370060,Restauração de mobiliário,37,s
370126,Restauração de obras de arte,37,s
370143,"Serviço de controle de pragas, exceto para agricultura, aquicultura, horticultura e silvicultura",37,s
370089,Serviço de reparo de panes em veículos,37,s
370059,Serviços de alvenaria,37,s
370132,Serviços de carpintaria,37,s
370122,Serviços de cobertura de telhado,37,s
370152,Serviços domésticos [serviços de limpeza],37,s
370147,Serviços de eletricistas,37,s
370071,Serviços de encanamento,37,s
370123,Serviços de fabricação de neve artificial,37,s
370142,Serviços de fraturamento hidráulico [fracking],37,s
370054,Serviços de isolamento para edificações,37,s
370083,Serviços de postos de gasolina [reabastecimento e manutenção de veículos],37,s
370070,Serviços de reboco,37,s
370153,Serviços de recarga de bateria para telefones celulares,37,s
370150,Serviços de recarga de cartuchos a jato de tinta,37,s
370031,Supervisão de trabalhos de construção civil,37,s
370117,Supressão de interferência em aparelhos elétricos,37,s
370037,Tratamento antiferrugem,37,s
370082,Tratamento antioxidante para veículos,37,s
370034,"Tratamento, limpeza e conserto de couro",37,s
370113,Vulcanização de pneus [reparo],37,s
380031,Aluguel de aparelhos de fac-símile [fax],38,s
380034,Aluguel de aparelhos de telefones,38,s
380029,Aluguel de aparelhos de transmissão de mensagens,38,s
380055,Aluguel de aparelhos smartphone,38,s
380033,Aluguel de equipamentos de telecomunicação,38,s
380032,Aluguel de modems,38,s
380041,Aluguel de tempo de acesso à rede global de computadores,38,s
380036,BBS [serviços de telecomunicação],38,s
380052,Comunicação por rádio,38,s
380030,Comunicação por redes de fibra óptica,38,s
380022,Comunicação por telefone celular,38,s
380023,Comunicação por terminais de computador,38,s
380010,Comunicações por telefone,38,s
380008,Comunicações por telegramas,38,s
380044,Provimento de acesso a bancos de dados,38,s
380040,Provimento de acesso à rede global de computadores,38,s
380042,Provimento de canais de telecomunicação para serviços de telecompras,38,s
380037,Provimento de conexões de telecomunicações para uma rede mundial de computadores,38,s
380050,Provimento de fóruns on-line,38,s
380027,Provimento de informações sobre telecomunicações,38,s
380043,Provimento de salas de bate-papo,38,s
380003,Radiodifusão,38,s
380012,Serviços de agências de notícias,38,s
380045,Serviços de correio de voz,38,s
380048,Serviços de difusão sem fio [telecomunicações],38,s
380038,Serviços de roteamento e junção de telecomunicações,38,s
380028,"Serviços de telechamadas [rádio, telefone ou outros meios de comunicação eletrônica]",38,s
380039,Serviços de teleconferência,38,s
380009,Serviços de telefonia,38,s
380007,Serviços de telegrafia,38,s
380011,Serviços de telex,38,s
380049,Serviços de videoconferência,38,s
380051,Streaming [distribuição de dados],38,s
380005,Teledifusão,38,s
380021,Teledifusão por cabo,38,s
380047,Transmissão de arquivos digitais,38,s
380046,Transmissão de cartões de felicitações on-line,38,s
380025,Transmissão de correio eletrônico,38,s
380004,Transmissão de mensagem,38,s
380024,Transmissão de mensagens e de imagens por meio de computador,38,s
380054,Transmissão de podcasts,38,s
380006,Transmissão de telegramas,38,s
380053,Transmissão de vídeo sob demanda,38,s
380026,Transmissão por fac-símile [fax],38,s
380035,Transmissão por satélite,38,s
390071,Abrigo de barcos,39,s
390002,Acompanhamento de viajantes,39,s
390039,Afretamento,39,s
390112,Aluguel de adegas elétricas,39,s
390102,Aluguel de aeronaves,39,s
390035,Aluguel de armazéns,39,s
390012,Aluguel de barcos,39,s
390092,Aluguel de cadeiras de rodas,39,s
390019,Aluguel de cavalos,39,s
390080,Aluguel de contêineres de armazenagem,39,s
390099,Aluguel de freezers,39,s
390040,Aluguel de garagem,39,s
390105,Aluguel de motores de aeronaves,39,s
390104,Aluguel de ônibus especiais,39,s
390081,Aluguel de porta-bagagem de teto,39,s
390043,Aluguel de refrigeradores,39,s
390079,Aluguel de roupas de mergulho,39,s
390078,Aluguel de sinos de imersão,39,s
390107,Aluguel de sistemas de navegação,39,s
390110,Aluguel de tratores,39,s
390045,Aluguel de trens,39,s
390042,Aluguel de vaga de garagem,39,s
390044,Aluguel de veículos,39,s
390034,Depósito,39,s
390028,Armazenagem de mercadorias,39,s
390094,Armazenagem física de dados ou documentos armazenados eletronicamente,39,s
390021,Carregamento de bagagens,39,s
390111,Coleta de bens recicláveis [transporte],39,s
390073,Corretagem de transporte,39,s
390023,Corretagem marítima,39,s
390026,Descarregamento [carga],39,s
390055,Desencalhe de navios,39,s
390030,Distribuição de água,39,s
390031,Distribuição de eletricidade,39,s
390090,Distribuição de energia,39,s
390086,Embalagem de mercadorias,39,s
390022,Embalagem de pacotes,39,s
390109,Embalagem de presentes,39,s
390096,Entrega de flores,39,s
390088,Entrega de jornais,39,s
390087,Entrega de mensagens,39,s
390027,Entrega de mercadorias,39,s
390089,Entrega de mercadorias por catálogo,39,s
390020,Entrega de pacotes,39,s
390033,Estacionamento de carros,39,s
390093,Estivagem,39,s
390060,Expedição de frete,39,s
390003,Fornecimento de água,39,s
390097,Franqueamento de correspondência,39,s
390038,Frete [transporte de mercadorias],39,s
390095,Lançamento de satélite para terceiros,39,s
390008,Locação de automóveis,39,s
390091,Locação de carros de corrida,39,s
390046,Locação de vagões de carga,39,s
390032,Operação de portas de eclusas,39,s
390082,Operações de resgate [transporte],39,s
390024,Organização de cruzeiros [viagens],39,s
390117,Organização de serviços de transporte de passageiros para terceiros através de website,39,s
390050,Organização de transporte para excursões,39,s
390052,Pilotagem,39,s
390119,Preparação de vistos e documentos de viagem para viagens internacionais,39,s
390076,Provimento de informações sobre armazenamento,39,s
390108,Provimento de informações sobre rotas rodoviárias,39,s
390098,Provimento de informações sobre tráfego,39,s
390077,Provimento de informações sobre transportes,39,s
390013,Quebra-gelo,39,s
390115,Reabastecimento de máquinas de autosserviço,39,s
390054,Reboque,39,s
390113,"Recarregamento, com dinheiro, de caixas eletrônicos",39,s
390056,Reserva de assentos para viagem,39,s
390083,Reservas para transporte,39,s
390084,Reservas para viagens,39,s
390057,Salvamento [naufrágio],39,s
390015,Salvamento de navios,39,s
390085,Salvamento subaquático,39,s
390114,Serviços de aluguel de carros por períodos curtos de tempo [car sharing],39,s
390116,Serviços de armazenamento de bagagens,39,s
390016,Serviços de carga e descarga para barcaças,39,s
390120,Serviços de compartilhamento de carros [car pooling],39,s
390074,Serviços de chofer,39,s
390072,Serviços de despachantes de frete,39,s
390100,Serviços de engarrafamento,39,s
390101,Serviços de logística em matéria de transporte,39,s
390075,Serviços de mensageiros [mensagens ou mercadorias],39,s
390065,Serviços de mudança,39,s
390118,Serviços de pilotagem de drones civis,39,s
390007,Serviços de reboque de veículos em pane,39,s
390025,Serviços de transporte para visitas turísticas,39,s
390048,Transporte,39,s
390004,Transporte aéreo,39,s
390047,Transporte de móveis,39,s
390051,Transporte de passageiros,39,s
390063,Transporte de viajantes,39,s
390064,Transporte e armazenagem de lixo,39,s
390011,Transporte em embarcação para recreio,39,s
390018,Transporte ferroviário,39,s
390037,Transporte fluvial,39,s
390061,Transporte marítimo,39,s
390006,Transporte por ambulância,39,s
390036,Transporte por balsa,39,s
390103,Transporte por barca,39,s
390049,Transporte por barco,39,s
390059,Transporte por bondes,39,s
390014,Transporte por caminhão,39,s
390009,Transporte por carro,39,s
390017,Transporte por carroças,39,s
390062,Transporte por carro-forte,39,s
390041,Transporte por oleoduto,39,s
390010,Transporte por ônibus,39,s
390058,Transporte por táxi,39,s
390106,"Transporte, sob escolta, de valores",39,s
400094,Abate de animais,40,s
400001,Abrasão,40,s
400006,Acabamentos para papel [tratamento],40,s
400071,Acetinagem de peles [peleteria],40,s
400092,Acolchoamento,40,s
400020,Acondicionamento de peles [peleteria],40,s
400053,Alfaiataria,40,s
400118,Aluguel de aparelhos de ar condicionado,40,s
400119,Aluguel de aparelhos para aquecimento de ambientes,40,s
400123,Aluguel de aquecedores,40,s
400104,Aluguel de geradores,40,s
400112,Aluguel de máquinas de tricotar,40,s
400050,Aplainamento de materiais,40,s
400005,Aplicação de aviamentos em têxteis,40,s
400085,Banho de ouro,40,s
400008,Branqueamento de tecidos,40,s
400011,Brasagem,40,s
400014,Calandragem de tecidos,40,s
400065,Coloração de vidros de janelas por meio de revestimento da superfície,40,s
400012,Confecção de roupas,40,s
400117,Congelamento de alimentos,40,s
400066,Conservação de alimentos e bebidas,40,s
400132,Consultoria em vinificação,40,s
400108,Copiagem de chaves,40,s
400021,Corte de tecidos,40,s
400015,Cozimento de cerâmica,40,s
400017,Cromagem,40,s
400054,Curtimento,40,s
400010,Debruar roupas,40,s
400095,Decapagem,40,s
400033,Defumação de alimentos,40,s
400067,Derrubada e processamento de madeira,40,s
400109,Descontaminação de materiais perigosos,40,s
400081,Desodorização de ar,40,s
400105,Destruição de lixo e resíduos,40,s
400024,Douração,40,s
400049,Encadernação,40,s
400041,Esmerilhamento,40,s
400027,Estanhagem,40,s
400032,Extração de suco de frutas,40,s
400129,Fabricação de pães sob encomenda,40,s
400090,Fotogravura [serviço],40,s
400031,Fresagem,40,s
400100,Fundição de metal,40,s
400034,Galvanização,40,s
400026,Galvanoplastia,40,s
400035,Gravação [entalhe],40,s
400037,Ignifugação de têxteis,40,s
400036,Impermeabilização de tecidos,40,s
400111,Impressão,40,s
400127,Impressão 3D para terceiros,40,s
400022,Impressão de estampas,40,s
400089,Impressão fotográfica,40,s
400110,Impressão litográfica,40,s
400113,Impressão ofsete,40,s
400106,Incineração de lixo e resíduos,40,s
400040,Laminação,40,s
400070,Lustração de peles [peleteria],40,s
400004,Magnetização,40,s
400086,Marcação a  laser,40,s
400018,Metalizar,40,s
400044,Moagem de farinha,40,s
400028,Modelagem de peles sob medida [peleteria],40,s
400098,Modificação [ajustes] de roupas,40,s
400084,Molduragem de obras de arte,40,s
400083,Montagem de materiais sob encomenda de terceiros,40,s
400045,Niquelagem,40,s
400130,Pasteurização de alimentos e bebidas,40,s
400082,Perfumar o ar,40,s
400016,Pintura para calçados,40,s
400120,Pisoamento de tecidos,40,s
400088,Polimento de vidro óptico,40,s
400048,Polimento por abrasão,40,s
400007,Prateação [revestimento com prata],40,s
400069,Pré-encolhimento de tecidos,40,s
400002,Processamento de filmes cinematográficos,40,s
400091,Processamento de óleo,40,s
400128,Produção de cervejas para terceiros,40,s
400103,Produção de energia,40,s
400087,Provimento de informações sobre tratamento de materiais,40,s
400003,Purificação de ar,40,s
400068,Reciclagem de lixo e resíduos,40,s
400023,Revelação de filme fotográfico,40,s
400013,Revestimento com cádmio,40,s
400051,Selaria [seleiro],40,s
400115,Serigrafia,40,s
400052,Serragem de materiais,40,s
400063,Serviço de bordar,40,s
400126,Serviços de aplicação de película em vidros de carros,40,s
400099,Serviços de caldeireiro,40,s
400121,Serviços de crioconservação,40,s
400029,Serviços de ferreiro,40,s
400114,Serviços de fotocomposição,40,s
400122,Serviços de jateamento abrasivo,40,s
400047,Serviços de peleteria,40,s
400102,Serviços de protéticos dentários,40,s
400093,Serviços de refino,40,s
400107,Serviços de separação de cores,40,s
400056,Serviços de tinturaria*,40,s
400131,Serviços de vinificação para terceiros,40,s
400125,Soldagem,40,s
400062,Sopramento de vidro,40,s
400055,Taxidermia,40,s
400043,Temperamento de metal,40,s
400019,Tingimento de couro,40,s
400060,Tingimento de tecidos,40,s
400057,Tingimento de têxteis,40,s
400072,Tintura para peles [peleteria],40,s
400064,Trabalho em couro,40,s
400009,Trabalhos em madeira,40,s
400059,Tratamento antitraça para têxteis,40,s
400030,Tratamento antitraças para peles [peleteria],40,s
400038,Tratamento antivincos para roupas,40,s
400025,Tratamento de água,40,s
400039,Tratamento de lã,40,s
400097,Tratamento de lixo [transformação],40,s
400042,Tratamento de metal,40,s
400058,Tratamento de têxteis,40,s
400061,Tratamento para papel,40,s
400116,Triagem de lixo e de material reciclável [transformação],40,s
400124,"Upcycling [reciclagem de resíduos com a finalidade de transformá-los em novos materiais de maior valor ou qualidade, sem destruir-lhes a forma]",40,s
400046,Urdidura [tear],40,s
400101,Vulcanização [tratamento de material],40,s
410002,Academias [educação],41,s
410005,Adestramento de animais,41,s
410025,Aluguel de aparelhos de rádio e televisão,41,s
410213,Aluguel de aquários indoor,41,s
410197,Aluguel de brinquedos,41,s
410088,Aluguel de câmeras de vídeo,41,s
410032,Aluguel de cenários para palco,41,s
410013,Aluguel de cenários para shows,41,s
410085,Aluguel de equipamento de áudio,41,s
410198,Aluguel de equipamento de jogos,41,s
410065,Aluguel de equipamento para mergulho,41,s
410066,"Aluguel de equipamentos desportivos, exceto veículos",41,s
410018,Aluguel de equipamentos para gravação de som,41,s
410086,Aluguel de equipamentos para iluminação de teatro ou estúdios de televisão,41,s
410067,Aluguel de estádios,41,s
410019,Aluguel de filmes cinematográficos,41,s
410069,Aluguel de fitas de vídeo,41,s
410212,Aluguel de obras de arte,41,s
410087,Aluguel de quadras de tênis,41,s
410228,Aluguel de simuladores de treinamento,41,s
410068,Aluguel de videocassetes,41,s
410056,Apresentação de espetáculos ao vivo,41,s
410009,Apresentação de espetáculos circenses,41,s
410027,Apresentação de espetáculos de variedades,41,s
410021,Aulas de ginástica,41,s
410202,Aulas particulares,41,s
410229,Avaliação de aptidão física para fins de treinamento,41,s
410189,Orientação [treinamento],41,s
410055,Colônia de férias,41,s
410204,Composição de canções,41,s
410214,Condução de circuitos de escalada guiados,41,s
410206,Condução de visitas guiadas,41,s
410073,Cronometragem de eventos desportivos,41,s
410011,Cursos por correspondência,41,s
410225,"Direção de filmes, exceto filmes  publicitários",41,s
410217,Distribuição de filmes,41,s
410079,Dublagem,41,s
410090,Edição de videoteipe,41,s
410092,Editoração eletrônica,41,s
410012,Educação física,41,s
410080,Educação religiosa,41,s
410205,Elaboração de roteiros [roteirização],41,s
410211,Ensino de aikido,41,s
410220,Ensino de judô,41,s
410210,Ensino de sado [ensino de cerimônia do chá japonesa],41,s
410075,Ensino em escolas em regime de internato,41,s
410058,Escolas de enfermagem,41,s
410049,Exames pedagógicos [avaliação],41,s
410221,Exames pedagógicos para qualificação  de pilotagem de drones,41,s
410106,Filmagem em vídeo,41,s
410208,"Fornecimento de filmes, não baixáveis, através de serviços de video sob demanda",41,s
410209,"Fornecimento de programas de televisão, não baixáveis, através de serviços de video sob demanda",41,s
410101,Fotografia,41,s
410192,Interpretação de idiomas,41,s
410105,Interpretação de linguagem de sinais,41,s
410093,Legendagem,41,s
410190,Locação de espaços para prática de esporte,41,s
410182,Microfilmagem,41,s
410081,Operação de loterias,41,s
410082,Organização de bailes,41,s
410010,Organização de competições [educação ou entretenimento],41,s
410059,Organização de competições desportivas,41,s
410077,Organização de concursos de beleza,41,s
410188,Organização de desfiles de moda para fins de entretenimento,41,s
410083,Organização de espetáculos [shows] [serviços de empresário],41,s
410215,Organização de eventos de assunção de personagens [cosplay] para fins de entretenimento,41,s
410051,Organização de exposições para fins culturais ou educativos,41,s
410044,Organização e apresentação de colóquios,41,s
410045,Organização e apresentação de conferências,41,s
410046,Organização e apresentação de congressos,41,s
410076,Organização e apresentação de oficinas de trabalho [treinamento],41,s
410070,Organização e apresentação de seminários,41,s
410072,Organização e apresentação de simpósios,41,s
410203,Organização e e condução de fóruns educacionais presenciais,41,s
410185,Organização e regência de concertos,41,s
410102,Orientação vocacional,41,s
410060,Planejamento de festas,41,s
410020,"Produção de filmes, exceto para fins de publicidade",41,s
410026,Produção de programas de rádio e televisão,41,s
410030,Produção de shows,41,s
410196,Produção musical,41,s
410029,Produções teatrais,41,s
410015,Programas de entretenimento de rádio,41,s
410031,Programas de entretenimento de televisão,41,s
410057,Projeções de filmes cinematográficos,41,s
410227,Provimento de classificações feitas por usuários para fins culturais ou de entretenimento,41,s
410226,Provimento de críticas feitas por usuários para fins culturais ou de entretenimento,41,s
410048,Provimento de informações sobre educação [instrução],41,s
410050,Provimento de informações sobre entretenimento [lazer],41,s
410064,Provimento de informações sobre recreação,41,s
410035,Provimento de instalações desportivas,41,s
410042,Provimento de instalações para cassino [jogos de azar ou apostas],41,s
410053,Provimento de instalações para golfe,41,s
410062,Provimento de instalações para museus [apresentações e exposições],41,s
410014,Provimento de instalações para recreação,41,s
410200,"Provimento de música on-line, não baixável",41,s
410099,"Provimento de publicações eletrônicas on-line, não baixáveis",41,s
410084,Provimento de serviços para jogos eletrônicos,41,s
410094,Provimento de serviços para jogos on-line [computadores],41,s
410201,"Provimento de vídeos on-line, não baixáveis",41,s
410024,Publicação de livros,41,s
410016,"Publicação de textos, exceto para publicidade",41,s
410091,Publicação on-line de livros e periódicos eletrônicos,41,s
410195,Reciclagem profissional,41,s
410184,Redação de textos*,41,s
410100,Reportagens fotográficas,41,s
410078,Reservas de lugares para shows,41,s
410216,"Serviços culturais, pedagógicos ou de divertimento providos por galerias de arte",41,s
410054,Serviços de academia de ginástica [treinamento físico e para a saúde],41,s
410071,Serviços de acampamentos desportivos,41,s
410183,Serviços de agenciamento de ingressos,41,s
410006,Serviços de aluguel de projetores e acessórios cinematográficos,41,s
410041,Serviços de bibliotecas itinerantes,41,s
410098,Serviços de boates [entretenimento],41,s
410186,Serviços de caligrafia,41,s
410043,Serviços de clubes [lazer ou educação],41,s
410097,Serviços de composição musical,41,s
410047,Serviços de discoteca,41,s
410004,Serviços de entretenimento,41,s
410191,Serviços de DJ,41,s
410223,Serviços de edição de vídeos para eventos,41,s
410017,Serviços de instrução,41,s
410023,Serviços de empréstimo de livros por bibliotecas,41,s
410222,Serviços de engenharia de som para eventos,41,s
410007,Serviços de espetáculos,41,s
410008,Serviços de estúdios de cinema,41,s
410063,Serviços de estúdios de gravação,41,s
410194,Serviços de instrução de aulas de atividade física,41,s
410033,Serviços de jardins zoológicos,41,s
410052,Serviços de jogos de azar ou apostas,41,s
410095,Serviços de karaokê,41,s
410187,"Serviços de layout, exceto para fins publicitários",41,s
410036,Serviços de modelos vivos para artistas,41,s
410028,Serviços de orquestra,41,s
410003,Serviços de parques de diversão,41,s
410193,Serviços de personal trainer [preparo físico],41,s
410230,Serviços de pintura facial,41,s
410103,Serviços de reportagem de notícias,41,s
410089,"Serviços de roteirização, exceto para fins publicitários",41,s
410224,Serviços de técnico de iluminação para eventos,41,s
410207,Serviços de treinamento através de simuladores,41,s
410199,Serviços educacionais prestados por escolas,41,s
410219,Serviços educacionais providos por assistentes para pessoas com necessidades especiais,41,s
410104,Tradução,41,s
410218,Transferência de know-how [treinamento],41,s
410061,Treinamento prático [demonstração],41,s
420083,Aluguel de computadores,42,s
420259,Aluguel de medidores para registro do consumo de energia,42,s
420205,Aluguel de servidores web,42,s
420159,Aluguel de software de computador,42,s
420216,Análise da água,42,s
420211,Análise da escrita [grafologia],42,s
420177,Análise de sistemas [informática],42,s
420008,Análise para exploração de campos petrolíferos,42,s
420007,Análises químicas,42,s
420226,Armazenamento eletrônico de dados,42,s
420140,Atualização de software de computador,42,s
420218,Auditoria de energia,42,s
420132,Autenticação de obras de arte,42,s
420214,Avaliação da qualidade da lã,42,s
420213,Avaliação de qualidade de madeira em pé,42,s
420225,Backup de dados off site,42,s
420136,Calibragem [medição],42,s
420229,Computação em nuvem,42,s
420250,Concepção de cartões de visitas,42,s
420036,Consultoria em arquitetura,42,s
420141,Consultoria em concepção e desenvolvimento de hardware de computador,42,s
420219,Consultoria em design de websites,42,s
420235,Consultoria em segurança de computadores,42,s
420242,Consultoria em segurança de dados,42,s
420241,Consultoria em segurança de internet,42,s
420204,Consultoria em software de computador,42,s
420232,Consultoria em tecnologia da computação,42,s
420221,Consultoria em tecnologia da informação (TI),42,s
420233,Consultoria em tecnologia das telecomunicações,42,s
420207,Consultoria na área de economia de energia,42,s
420231,Consultoria tecnológica,42,s
420157,Controle de qualidade,42,s
420198,Conversão de dados e documentos de suporte físico para suporte eletrônico,42,s
420203,"Conversão de programas de computadores e dados, exceto conversão física",42,s
420240,"Criação e concepção de índices de informação baseados em um website, para terceiros [serviços de TI]",42,s
420199,Criação e manutenção de websites para terceiros,42,s
420048,Decoração de interiores,42,s
420238,Desbloqueio de celulares,42,s
420142,Estilista,42,s
420038,Desenho de plantas para construção,42,s
420049,Desenho industrial,42,s
420249,Desenvolvimento de plataformas de computador,42,s
420247,Desenvolvimento de software no âmbito de publicação de software,42,s
420237,Design de interiores,42,s
420258,Design gráfico de material promocional,42,s
420210,Digitalização de documentos [scanning],42,s
420197,Duplicação de programas de computador,42,s
420139,Elaboração [concepção] de software de computador,42,s
420064,Engenharia,42,s
420236,Escrita técnica,42,s
420165,Estilismo [desenho industrial],42,s
420224,Experimentos clínicos,42,s
420167,Explorações subaquáticas,42,s
420209,Fornecimento de mecanismos de busca para a internet,42,s
420223,Hospedagem de servidores,42,s
420200,Hospedagem de websites,42,s
420076,Informações meteorológicas,42,s
420201,Instalação de software de computador,42,s
420063,Levantamentos em campos petrolíferos,42,s
420193,Levantamentos geodésicos,42,s
420062,Levantamentos geológicos,42,s
420079,Levantamentos topográficos,42,s
420176,Manutenção de software de computador,42,s
420244,Monitoramento de sistemas de computador para detecção de acesso não autorizado ou vazamento de dados,42,s
420239,Monitoramento de sistemas de computador para detecção de panes,42,s
420215,Monitoramento de sistemas de computadores por acesso remoto,42,s
420245,Monitoramento eletrônico de informações de identificação pessoal para detecção de furto de identidade através da internet,42,s
420246,Monitoramento eletrônico de movimentação/atividade de cartão de crédito para detecção de fraude através da internet,42,s
420017,Pesquisa bacteriológica,42,s
420190,Pesquisa biológica,42,s
420222,Pesquisa científica,42,s
420161,"Pesquisa e desenvolvimento, para terceiros, de novos produtos",42,s
420251,Pesquisas científicas e tecnológicas no campo de desastres naturais,42,s
420253,Pesquisas científicas e tecnológicas relativas ao mapeamento de patentes,42,s
420096,Pesquisas no campo da física,42,s
420208,Pesquisas no campo de proteção ambiental,42,s
420045,Pesquisas em cosmética,42,s
420101,Pesquisas em mecânica,42,s
420119,Pesquisas geológicas,42,s
420257,Pesquisas médicas,42,s
420254,Pesquisas no campo de construções de edificações,42,s
420256,Pesquisas no campo de soldagem,42,s
420255,Pesquisas no campo de tecnologias de telecomunicação,42,s
420031,Pesquisas químicas,42,s
420040,Pesquisas tecnológicas,42,s
420192,Planejamento urbano,42,s
420248,Plataforma computacional como serviço [PaaS],42,s
420234,Previsão do tempo,42,s
420090,Programação de computador [informática],42,s
420194,Projeto de sistema de computadores,42,s
420095,Prospecção de petróleo,42,s
420118,Prospecções geológicas,42,s
420212,"Provimento de informação científica, aconselhamento e consultoria na área de compensação de carbono",42,s
420227,"Provimento de informações, através de um website, sobre tecnologia de computadores e programação",42,s
420061,Realização de estudos para projetos técnicos,42,s
420175,Recuperação de dados [informática],42,s
420202,Semeadura de nuvens,42,s
420217,Serviços científicos de laboratório,42,s
420011,Serviços de arquitetura,42,s
420261,Serviços de autenticação de usuário usando tecnologia de logon único para software on-line,42,s
420260,Serviços de autenticação de usuário usando tecnologia para transações de comércio eletrônico,42,s
420228,Serviços de cartografia,42,s
420144,Serviços de criação em artes gráficas,42,s
420050,Serviços de desenho de embalagens,42,s
420243,Serviços de encriptação de dados,42,s
420252,"Serviços de exploração no domínio das indústrias de petróleo, gás e mineração",42,s
420206,Serviços de proteção contra vírus de computador,42,s
420030,Serviços de química,42,s
420230,Serviços terceirizados na área de tecnologia da informação,42,s
420220,Software como serviço [SaaS],42,s
420058,Teste de materiais,42,s
420109,Teste de têxteis,42,s
420042,Testes em poços de petróleo,42,s
420195,Vistoria de veículos automotores,42,s
430028,Aluguel de acomodações temporárias,43,s
430190,Aluguel de aparelhos de cozimento,43,s
430189,Aluguel de barracas [tendas],43,s
430186,"Aluguel de cadeiras, mesas, roupa de mesa e vidraria de mesa",43,s
430160,Aluguel de construções transportáveis *,43,s
430191,Aluguel de dispensadores de água potável,43,s
430192,Aluguel de equipamentos de iluminação*,43,s
430187,Aluguel de salas de reunião,43,s
430013,Casas de retiro para idosos,43,s
430145,Colônia de férias [alojamento],43,s
430197,Decoração de alimentos,43,s
430198,Decoração de bolos,43,s
430193,Escultura em alimentos,43,s
430199,Informações e aconselhamento em matéria de preparação de refeições,43,s
430134,Pensão para animais,43,s
430026,Provimento de acomodações em acampamento,43,s
430162,Reservas de acomodações temporárias,43,s
430105,Reservas em hotéis,43,s
430104,Reservas em pensões [alojamento],43,s
430010,Serviço de bufê,43,s
430071,"Serviços de acomodação, em casas, para turistas",43,s
430004,"Serviços de agências de acomodações [hotéis, pensões]",43,s
430138,Serviços de bar,43,s
430201,Serviços de bares para fumar narguilé,43,s
430024,Serviços de cafés [bares],43,s
430025,Serviços de cafeteria,43,s
430027,Serviços de cantinas,43,s
430098,Serviços de creches [berçários],43,s
430073,Serviços de hotéis,43,s
430108,Serviços de lanchonetes,43,s
430183,Serviços de motéis,43,s
430066,Serviços de pensão,43,s
430200,Serviços de personal chef,43,s
430194,Serviços de recepção para acomodações temporárias [gerenciamento de chegadas e partidas],43,s
430102,Serviços de restaurantes,43,s
430107,Serviços de restaurantes de autosserviço,43,s
430196,Serviços de restaurante de macarrão udon e soba,43,s
430195,Serviços de restaurantes washoku,43,s
440232,Aconselhamento em dieta e nutrição,44,s
440212,Aconselhamento em questões de saúde,44,s
440215,Aconselhamento médico para indivíduos com deficiências,44,s
440222,Aluguel de animais para serviços de jardinagem,44,s
440230,Aluguel de aparelhos para estilização de cabelos,44,s
440223,Aluguel de colmeias,44,s
440084,Aluguel de equipamentos agrícolas,44,s
440188,Aluguel de instalações sanitárias,44,s
440233,Aluguel de robôs cirúrgicos,44,s
440193,Aromaterapia,44,s
440115,"Aspersão, aérea ou de superfície, de fertilizantes e outras substâncias químicas agrícolas",44,s
440087,Assistência médica,44,s
440111,Assistência veterinária,44,s
440166,Cirurgia de árvores,44,s
440156,Cirurgia plástica,44,s
440199,Concepção de projeto paisagístico,44,s
440037,Confecção de coroas de flores,44,s
440154,Consultoria em farmacêutica,44,s
440228,Consultoria em viticultura,44,s
440009,Criação de animais,44,s
440218,Cuidados paliativos,44,s
440231,Cultivo de plantas,44,s
440213,Depilação com cera,44,s
440171,Destruição de ervas daninhas,44,s
440153,Enfermagem,44,s
440226,Exames médicos de rastreamento,44,s
440168,"Extermínio de animais nocivos para agricultura, aquacultura, horticultura e silvicultura.",44,s
440196,Fertilização in vitro,44,s
440097,Fisioterapia,44,s
440072,Horticultura,44,s
440180,Implante de cabelos,44,s
440194,Inseminação artificial,44,s
440077,Jardinagem,44,s
440012,Jardinagem paisagística,44,s
440208,Locação de equipamentos médicos,44,s
440151,Manicure,44,s
440148,Manutenção de gramados,44,s
440086,Massagem,44,s
440211,Ortofonia [articulação correta das palavras],44,s
440152,Parteira,44,s
440216,Piercing,44,s
440206,Plantação de árvores com a finalidade de compensação de carbono,44,s
440204,Preparação de receitas por farmacêuticos,44,s
440032,Quiroprática,44,s
440195,Reabilitação de toxicomaníacos,44,s
440197,Serviço de tatuagem,44,s
440147,Serviços de abrigos para doentes e desamparados,44,s
440225,Serviços de análises médicas fornecidos por laboratórios médicos para fins de diagnóstico e tratamento,44,s
440207,Serviços de aquacultura,44,s
440143,Serviços de arranjo de flores,44,s
440133,Serviços de bancos de sangue,44,s
440221,Serviços de bancos de tecido humano,44,s
440018,Serviços de banhos públicos para fins higiênicos,44,s
440019,Serviços de banhos turcos,44,s
440034,Serviços de cabeleireiro,44,s
440219,Serviços de casas de repouso,44,s
440209,Serviços de centros médicos,44,s
440043,Serviços de clínica de convalescença,44,s
440114,Serviços de clínica de repouso,44,s
440021,Serviços de clínica médica,44,s
440220,"Serviços de controle de pragas para agricultura, aquicultura, horticultura e silvicultura",44,s
440229,Serviços de enfermagem domiciliar,44,s
440210,serviços de medicina alternativa,44,s
440092,Serviços de oculista,44,s
440113,Serviços de odontologia,44,s
440185,Serviços de psicólogos,44,s
440217,Serviços de reflorestamento,44,s
440020,Serviços de salões de beleza,44,s
440106,Serviços de sanatórios,44,s
440060,Serviços de saúde,44,s
440202,Serviços de saúde em spa,44,s
440200,Serviços de sauna,44,s
440201,Serviços de solário,44,s
440198,Serviços de telemedicina,44,s
440205,Serviços de terapia,44,s
440203,Serviços de visagistas,44,s
440227,Serviços de viticultura,44,s
440094,Serviços de viveiros de plantas,44,s
440059,Serviços hospitalares,44,s
440214,Serviços ortodônticos,44,s
440224,Terapia assistida por animais [zooterapia],44,s
440131,Toalete de animais,44,s
440173,Toalete de animais de estimação,44,s
450033,Abertura de fechaduras de segurança,45,s
450242,Aconselhamento em matéria de luto,45,s
450235,Aconselhamento jurídico para responder a solicitações de propostas [RFP] de prestação de serviços,45,s
450223,Administração legal de licenças,45,s
450203,Aluguel de alarmes de incêndio,45,s
450215,Aluguel de cofres,45,s
450204,Aluguel de extintores de incêndio,45,s
450081,Aluguel de roupas,45,s
450046,Aluguel de trajes a rigor,45,s
450234,Assistência para vestir quimono,45,s
450247,Auditoria para fins de conformidade jurídica [compliance jurídico],45,s
450246,Auditoria para fins de conformidade regulatória [compliance regulatório],45,s
450179,Combate ao fogo,45,s
450229,Condução de cerimônias fúnebres,45,s
450231,Condução de cerimônias religiosas,45,s
450146,Confecção de horóscopos [mapa astral],45,s
450224,Consultoria astrológica,45,s
450206,Consultoria em propriedade intelectual,45,s
450117,Consultoria em segurança física,45,s
450225,Consultoria espiritual,45,s
450200,Devolução de objetos perdidos,45,s
450220,Embalsamamento,45,s
450228,Escrita de cartas pessoais,45,s
450207,Gestão de direitos autorais,45,s
450001,Segurança pessoal,45,s
450202,Inspeção de fábricas para fins de segurança,45,s
450199,Investigações de antecedentes de pessoas,45,s
450053,Investigações de pessoas desaparecidas,45,s
450233,Leasing de nomes de domínio da internet,45,s
450212,Licenciamento de programa de computador [serviços jurídicos],45,s
450208,Licenciamento de propriedade intelectual,45,s
450236,Licenciamento [serviços jurídicos] no âmbito de publicação de softwares,45,s
450201,Mediação,45,s
450194,Monitorização de alarmes anti-roubo e de segurança,45,s
450238,Organização de encontros políticos,45,s
450184,Organização de encontros religiosos,45,s
450216,Pesquisa genealógica,45,s
450210,Pesquisas jurídicas,45,s
450217,Planejamento e organização de cerimônias de casamento,45,s
450222,Rastreamento de bens roubados,45,s
450213,Registro de nomes de domínio [serviços jurídicos],45,s
450002,Serviço de acompanhantes,45,s
450227,Serviço de consultoria de estilo,45,s
450209,Serviço de monitoramento de direitos de propriedade intelectual para fins de aconselhamento jurídico,45,s
450193,Serviços de agência de adoção,45,s
450003,Serviços de agências de detetives,45,s
450112,Serviços de agências matrimoniais,45,s
450057,Serviços de agente funerário,45,s
450205,Serviços de arbitragem,45,s
450195,Serviços de babá,45,s
450198,Serviços de babá de animais de estimação,45,s
450226,Serviços de cartomancia,45,s
450241,Serviços de concierge,45,s
450239,Serviços de consultoria jurídica relativa a mapeamento de patentes,45,s
450047,Serviços de cremação,45,s
450197,Serviços de cuidados de moradias na ausência dos residentes [ing. house sitting],45,s
450005,Serviços de encontros,45,s
450056,Serviços de enterros [funerais],45,s
450099,"Serviços de guarda [vigilância, segurança]",45,s
450006,Serviços de vigilância noturna,45,s
450240,Serviços de legal advocacy [serviços jurídicos para suporte a causas de cunho social],45,s
450245,Serviços de leitura de cartas de tarô para terceiros,45,s
450237,Serviços de monitoramento jurídico,45,s
450232,Serviços de passeio com cachorros,45,s
450221,Serviços de preparação de documentos jurídicos,45,s
450218,Serviços de redes sociais on-line,45,s
450243,Serviços de salva-vidas,45,s
450214,Serviços extrajudiciais de resolução de disputas,45,s
450211,Serviços jurídicos,45,s
450244,Serviços jurídicos em matéria de imigração,45,s
450230,Serviços jurídicos relativos à negociação de contratos para terceiros,45,s
450219,Soltura de pombos para ocasiões especiais,45,s
450196,Verificação de segurança de bagagens,45,s
